mms_id,dlxs_id,alma_value,dlxs_value
990012613990106381,AFJ6833.0001.001,|||,['fill: undetermined']
990012613990106381,AFJ6833.0001.002,|||,['fill: undetermined']
990012908820106381,AFM7592.0001.001,tgl,['eng: eng']
990013143890106381,AFQ1612.0001.001,|||,['fill: undetermined']
990013597480106381,AFU8648.0001.001,spa,['und: undetermined']
990013597530106381,AFU8653.0001.001,ceb,['und: undetermined']
990014476970106381,AGD9059.0001.001,|||,['fill: undetermined']
990010488300106381,AEL9820.0001.001,|||,['fill: undetermined']
990015304360106381,AGN4492.0001.001,tgl,[]
